{
  "candles": [
    {
      "Id": 1,
      "Type": "Jar",
      "Size": 6,
      "Scent": "BabyPowderVanilla",
      "Color": "Ivory",
      "Price": 15.00
    },
    {
      "Id": 2,
      "Type": "Jar",
      "Size": 10,
      "Scent": "Lavandar",
      "Color": "Purple",
      "Price": 18.00
    },
    {
      "Id": 3,
      "Type": "Jar",
      "Size": 12,
      "Scent": "Baby Powder",
      "Color": "Blue",
      "Price": 21.00
    },
    {
      "Id": 4,
      "Type": "Pillar",
      "Size": 8,
      "Scent": "Vanilla",
      "Color": "Ivory",
      "Price": 10.00
    },
    {
      "Id": 5,
      "Type": "Pillar",
      "Size": 8,
      "Scent": "Lavandar",
      "Color": "Purple",
      "Price": 13.00
    },
    {
      "Id": 6,
      "Type": "Pillar",
      "Size": 4,
      "Scent": "Baby Powder",
      "Color": "Blue",
      "Price": 16.00
    }
  ]
}
